Id,DateTime,HttpMethod,AbsoluteUri,PathInfo,RequestBody,RequestDto,UserAuthId,SessionId,IpAddress,ForwardedFor,Referer,Headers,FormData,Items,Session,ResponseDto,ErrorResponse,RequestDuration
1,2016-04-13T21:18:57.2730308Z,GET,http://localhost:55799,/,,{},3,b4ctpvV7zFHtSMBWOwya,::1,,,"{Connection:keep-alive,Accept:""text/html,application/xhtml+xml,application/xml;q=0.9,image/webp,*/*;q=0.8"",Accept-Encoding:""gzip, deflate, sdch"",Accept-Language:""en-US,en;q=0.8"",Cookie:_ga=GA1.1.1592632894.1443244591; __utma=111872281.1592632894.1443244591.1457727021.1459534479.12; __utmc=111872281; __utmz=111872281.1454897587.1.1.utmcsr=(direct)|utmccn=(direct)|utmcmd=(none); ss-id=b4ctpvV7zFHtSMBWOwya; ss-pid=igyyWJIl7IUZkzZHExbt; X-UAId=3,Host:""localhost:55799"",User-Agent:""Mozilla/5.0 (Windows NT 10.0; WOW64) AppleWebKit/537.36 (KHTML, like Gecko) Chrome/49.0.2623.112 Safari/537.36"",Upgrade-Insecure-Requests:1}",{},"{AspSessionIDManagerInitializeRequestCalled:True,"":mini-profiler:"":""http://localhost:55799/ (65.5 ms)"",__route:ServiceStack.Host.RestPath,_requestDurationStopwatch:System.Diagnostics.Stopwatch}",,,,PT0.0018117S
2,2016-04-13T21:18:58.1496518Z,GET,http://localhost:55799/favicon.ico,/favicon.ico,,{PathInfo:favicon.ico},3,b4ctpvV7zFHtSMBWOwya,::1,,http://localhost:55799/,"{Connection:keep-alive,Accept:*/*,Accept-Encoding:""gzip, deflate, sdch"",Accept-Language:""en-US,en;q=0.8"",Cookie:_ga=GA1.1.1592632894.1443244591; __utma=111872281.1592632894.1443244591.1457727021.1459534479.12; __utmc=111872281; __utmz=111872281.1454897587.1.1.utmcsr=(direct)|utmccn=(direct)|utmcmd=(none); ss-id=b4ctpvV7zFHtSMBWOwya; ss-pid=igyyWJIl7IUZkzZHExbt; X-UAId=3,Host:""localhost:55799"",Referer:""http://localhost:55799/"",User-Agent:""Mozilla/5.0 (Windows NT 10.0; WOW64) AppleWebKit/537.36 (KHTML, like Gecko) Chrome/49.0.2623.112 Safari/537.36""}",{},"{AspSessionIDManagerInitializeRequestCalled:True,__route:ServiceStack.Host.RestPath,_requestDurationStopwatch:System.Diagnostics.Stopwatch}",,,,PT0.0000044S
3,2016-04-13T21:19:01.5127872Z,GET,http://localhost:55799/favicon.ico,/favicon.ico,,{PathInfo:favicon.ico},3,b4ctpvV7zFHtSMBWOwya,::1,,http://localhost:55799/metadata,"{Connection:keep-alive,Accept:*/*,Accept-Encoding:""gzip, deflate, sdch"",Accept-Language:""en-US,en;q=0.8"",Cookie:_ga=GA1.1.1592632894.1443244591; __utma=111872281.1592632894.1443244591.1457727021.1459534479.12; __utmc=111872281; __utmz=111872281.1454897587.1.1.utmcsr=(direct)|utmccn=(direct)|utmcmd=(none); ss-id=b4ctpvV7zFHtSMBWOwya; ss-pid=igyyWJIl7IUZkzZHExbt; X-UAId=3,Host:""localhost:55799"",Referer:""http://localhost:55799/metadata"",User-Agent:""Mozilla/5.0 (Windows NT 10.0; WOW64) AppleWebKit/537.36 (KHTML, like Gecko) Chrome/49.0.2623.112 Safari/537.36""}",{},"{AspSessionIDManagerInitializeRequestCalled:True,__route:ServiceStack.Host.RestPath,_requestDurationStopwatch:System.Diagnostics.Stopwatch}",,,,PT0.0000044S
4,2016-04-13T21:20:00.8108881Z,GET,http://localhost:55799/favicon.ico,/favicon.ico,,{PathInfo:favicon.ico},3,b4ctpvV7zFHtSMBWOwya,::1,,http://localhost:55799/metadata,"{Cache-Control:no-cache,Connection:keep-alive,Pragma:no-cache,Accept:*/*,Accept-Encoding:""gzip, deflate, sdch"",Accept-Language:""en-US,en;q=0.8"",Cookie:_ga=GA1.1.1592632894.1443244591; __utma=111872281.1592632894.1443244591.1457727021.1459534479.12; __utmc=111872281; __utmz=111872281.1454897587.1.1.utmcsr=(direct)|utmccn=(direct)|utmcmd=(none); ss-id=b4ctpvV7zFHtSMBWOwya; ss-pid=igyyWJIl7IUZkzZHExbt; X-UAId=3,Host:""localhost:55799"",Referer:""http://localhost:55799/metadata"",User-Agent:""Mozilla/5.0 (Windows NT 10.0; WOW64) AppleWebKit/537.36 (KHTML, like Gecko) Chrome/49.0.2623.112 Safari/537.36""}",{},"{AspSessionIDManagerInitializeRequestCalled:True,__route:ServiceStack.Host.RestPath,_requestDurationStopwatch:System.Diagnostics.Stopwatch}",,,,PT0.000004S
5,2016-04-13T21:20:28.9018964Z,GET,http://localhost:55799/favicon.ico,/favicon.ico,,{PathInfo:favicon.ico},3,b4ctpvV7zFHtSMBWOwya,::1,,http://localhost:55799/json/metadata?op=Hello,"{Connection:keep-alive,Accept:*/*,Accept-Encoding:""gzip, deflate, sdch"",Accept-Language:""en-US,en;q=0.8"",Cookie:_ga=GA1.1.1592632894.1443244591; __utma=111872281.1592632894.1443244591.1457727021.1459534479.12; __utmc=111872281; __utmz=111872281.1454897587.1.1.utmcsr=(direct)|utmccn=(direct)|utmcmd=(none); ss-id=b4ctpvV7zFHtSMBWOwya; ss-pid=igyyWJIl7IUZkzZHExbt; X-UAId=3,Host:""localhost:55799"",Referer:""http://localhost:55799/json/metadata?op=Hello"",User-Agent:""Mozilla/5.0 (Windows NT 10.0; WOW64) AppleWebKit/537.36 (KHTML, like Gecko) Chrome/49.0.2623.112 Safari/537.36""}",{},"{AspSessionIDManagerInitializeRequestCalled:True,__route:ServiceStack.Host.RestPath,_requestDurationStopwatch:System.Diagnostics.Stopwatch}",,,,PT0.0000084S
6,2016-04-13T21:20:34.2016756Z,GET,http://localhost:55799/hello/Request1,/hello/Request1,,{Name:Request1},3,b4ctpvV7zFHtSMBWOwya,::1,,,"{Connection:keep-alive,Accept:""text/html,application/xhtml+xml,application/xml;q=0.9,image/webp,*/*;q=0.8"",Accept-Encoding:""gzip, deflate, sdch"",Accept-Language:""en-US,en;q=0.8"",Cookie:_ga=GA1.1.1592632894.1443244591; __utma=111872281.1592632894.1443244591.1457727021.1459534479.12; __utmc=111872281; __utmz=111872281.1454897587.1.1.utmcsr=(direct)|utmccn=(direct)|utmcmd=(none); ss-id=b4ctpvV7zFHtSMBWOwya; ss-pid=igyyWJIl7IUZkzZHExbt; X-UAId=3,Host:""localhost:55799"",User-Agent:""Mozilla/5.0 (Windows NT 10.0; WOW64) AppleWebKit/537.36 (KHTML, like Gecko) Chrome/49.0.2623.112 Safari/537.36"",Upgrade-Insecure-Requests:1}",{},"{AspSessionIDManagerInitializeRequestCalled:True,"":mini-profiler:"":""http://localhost:55799/hello/Request1 (3.5 ms)"",__route:ServiceStack.Host.RestPath,_requestDurationStopwatch:System.Diagnostics.Stopwatch}",,,,PT0.0001477S
7,2016-04-13T21:20:34.3047455Z,GET,http://localhost:55799/favicon.ico,/favicon.ico,,{PathInfo:favicon.ico},3,b4ctpvV7zFHtSMBWOwya,::1,,http://localhost:55799/hello/Request1,"{Connection:keep-alive,Accept:*/*,Accept-Encoding:""gzip, deflate, sdch"",Accept-Language:""en-US,en;q=0.8"",Cookie:_ga=GA1.1.1592632894.1443244591; __utma=111872281.1592632894.1443244591.1457727021.1459534479.12; __utmc=111872281; __utmz=111872281.1454897587.1.1.utmcsr=(direct)|utmccn=(direct)|utmcmd=(none); ss-id=b4ctpvV7zFHtSMBWOwya; ss-pid=igyyWJIl7IUZkzZHExbt; X-UAId=3,Host:""localhost:55799"",Referer:""http://localhost:55799/hello/Request1"",User-Agent:""Mozilla/5.0 (Windows NT 10.0; WOW64) AppleWebKit/537.36 (KHTML, like Gecko) Chrome/49.0.2623.112 Safari/537.36""}",{},"{AspSessionIDManagerInitializeRequestCalled:True,__route:ServiceStack.Host.RestPath,_requestDurationStopwatch:System.Diagnostics.Stopwatch}",,,,PT0.000004S
8,2016-04-13T21:20:35.6065471Z,GET,http://localhost:55799/hello/Request2,/hello/Request2,,{Name:Request2},3,b4ctpvV7zFHtSMBWOwya,::1,,,"{Connection:keep-alive,Accept:""text/html,application/xhtml+xml,application/xml;q=0.9,image/webp,*/*;q=0.8"",Accept-Encoding:""gzip, deflate, sdch"",Accept-Language:""en-US,en;q=0.8"",Cookie:_ga=GA1.1.1592632894.1443244591; __utma=111872281.1592632894.1443244591.1457727021.1459534479.12; __utmc=111872281; __utmz=111872281.1454897587.1.1.utmcsr=(direct)|utmccn=(direct)|utmcmd=(none); ss-id=b4ctpvV7zFHtSMBWOwya; ss-pid=igyyWJIl7IUZkzZHExbt; X-UAId=3,Host:""localhost:55799"",User-Agent:""Mozilla/5.0 (Windows NT 10.0; WOW64) AppleWebKit/537.36 (KHTML, like Gecko) Chrome/49.0.2623.112 Safari/537.36"",Upgrade-Insecure-Requests:1}",{},"{AspSessionIDManagerInitializeRequestCalled:True,"":mini-profiler:"":""http://localhost:55799/hello/Request2 (0.8 ms)"",__route:ServiceStack.Host.RestPath,_requestDurationStopwatch:System.Diagnostics.Stopwatch}",,,,PT0.0000031S
9,2016-04-13T21:20:35.6795976Z,GET,http://localhost:55799/favicon.ico,/favicon.ico,,{PathInfo:favicon.ico},3,b4ctpvV7zFHtSMBWOwya,::1,,http://localhost:55799/hello/Request2,"{Connection:keep-alive,Accept:*/*,Accept-Encoding:""gzip, deflate, sdch"",Accept-Language:""en-US,en;q=0.8"",Cookie:_ga=GA1.1.1592632894.1443244591; __utma=111872281.1592632894.1443244591.1457727021.1459534479.12; __utmc=111872281; __utmz=111872281.1454897587.1.1.utmcsr=(direct)|utmccn=(direct)|utmcmd=(none); ss-id=b4ctpvV7zFHtSMBWOwya; ss-pid=igyyWJIl7IUZkzZHExbt; X-UAId=3,Host:""localhost:55799"",Referer:""http://localhost:55799/hello/Request2"",User-Agent:""Mozilla/5.0 (Windows NT 10.0; WOW64) AppleWebKit/537.36 (KHTML, like Gecko) Chrome/49.0.2623.112 Safari/537.36""}",{},"{AspSessionIDManagerInitializeRequestCalled:True,__route:ServiceStack.Host.RestPath,_requestDurationStopwatch:System.Diagnostics.Stopwatch}",,,,PT0.0000031S
10,2016-04-13T21:20:37.4992329Z,GET,http://localhost:55799/hello/Request2.json,/hello/Request2.json,,{Name:Request2},3,b4ctpvV7zFHtSMBWOwya,::1,,,"{Connection:keep-alive,Accept:""text/html,application/xhtml+xml,application/xml;q=0.9,image/webp,*/*;q=0.8"",Accept-Encoding:""gzip, deflate, sdch"",Accept-Language:""en-US,en;q=0.8"",Cookie:_ga=GA1.1.1592632894.1443244591; __utma=111872281.1592632894.1443244591.1457727021.1459534479.12; __utmc=111872281; __utmz=111872281.1454897587.1.1.utmcsr=(direct)|utmccn=(direct)|utmcmd=(none); ss-id=b4ctpvV7zFHtSMBWOwya; ss-pid=igyyWJIl7IUZkzZHExbt; X-UAId=3,Host:""localhost:55799"",User-Agent:""Mozilla/5.0 (Windows NT 10.0; WOW64) AppleWebKit/537.36 (KHTML, like Gecko) Chrome/49.0.2623.112 Safari/537.36"",Upgrade-Insecure-Requests:1}",{},"{AspSessionIDManagerInitializeRequestCalled:True,"":mini-profiler:"":""http://localhost:55799/hello/Request2.json (1 ms)"",__route:ServiceStack.Host.RestPath,_requestDurationStopwatch:System.Diagnostics.Stopwatch}",,,,PT0.0000044S
11,2016-04-13T21:20:37.5432613Z,GET,http://localhost:55799/favicon.ico,/favicon.ico,,{PathInfo:favicon.ico},3,b4ctpvV7zFHtSMBWOwya,::1,,http://localhost:55799/hello/Request2.json,"{Connection:keep-alive,Accept:*/*,Accept-Encoding:""gzip, deflate, sdch"",Accept-Language:""en-US,en;q=0.8"",Cookie:_ga=GA1.1.1592632894.1443244591; __utma=111872281.1592632894.1443244591.1457727021.1459534479.12; __utmc=111872281; __utmz=111872281.1454897587.1.1.utmcsr=(direct)|utmccn=(direct)|utmcmd=(none); ss-id=b4ctpvV7zFHtSMBWOwya; ss-pid=igyyWJIl7IUZkzZHExbt; X-UAId=3,Host:""localhost:55799"",Referer:""http://localhost:55799/hello/Request2.json"",User-Agent:""Mozilla/5.0 (Windows NT 10.0; WOW64) AppleWebKit/537.36 (KHTML, like Gecko) Chrome/49.0.2623.112 Safari/537.36""}",{},"{AspSessionIDManagerInitializeRequestCalled:True,__route:ServiceStack.Host.RestPath,_requestDurationStopwatch:System.Diagnostics.Stopwatch}",,,,PT0.0000031S
12,2016-04-13T21:20:40.3879101Z,GET,http://localhost:55799/hello/Request3.json,/hello/Request3.json,,{Name:Request3},3,b4ctpvV7zFHtSMBWOwya,::1,,,"{Connection:keep-alive,Accept:""text/html,application/xhtml+xml,application/xml;q=0.9,image/webp,*/*;q=0.8"",Accept-Encoding:""gzip, deflate, sdch"",Accept-Language:""en-US,en;q=0.8"",Cookie:_ga=GA1.1.1592632894.1443244591; __utma=111872281.1592632894.1443244591.1457727021.1459534479.12; __utmc=111872281; __utmz=111872281.1454897587.1.1.utmcsr=(direct)|utmccn=(direct)|utmcmd=(none); ss-id=b4ctpvV7zFHtSMBWOwya; ss-pid=igyyWJIl7IUZkzZHExbt; X-UAId=3,Host:""localhost:55799"",User-Agent:""Mozilla/5.0 (Windows NT 10.0; WOW64) AppleWebKit/537.36 (KHTML, like Gecko) Chrome/49.0.2623.112 Safari/537.36"",Upgrade-Insecure-Requests:1}",{},"{AspSessionIDManagerInitializeRequestCalled:True,"":mini-profiler:"":""http://localhost:55799/hello/Request3.json (0.8 ms)"",__route:ServiceStack.Host.RestPath,_requestDurationStopwatch:System.Diagnostics.Stopwatch}",,,,PT0.0000031S
13,2016-04-13T21:20:40.4229342Z,GET,http://localhost:55799/favicon.ico,/favicon.ico,,{PathInfo:favicon.ico},3,b4ctpvV7zFHtSMBWOwya,::1,,http://localhost:55799/hello/Request3.json,"{Connection:keep-alive,Accept:*/*,Accept-Encoding:""gzip, deflate, sdch"",Accept-Language:""en-US,en;q=0.8"",Cookie:_ga=GA1.1.1592632894.1443244591; __utma=111872281.1592632894.1443244591.1457727021.1459534479.12; __utmc=111872281; __utmz=111872281.1454897587.1.1.utmcsr=(direct)|utmccn=(direct)|utmcmd=(none); ss-id=b4ctpvV7zFHtSMBWOwya; ss-pid=igyyWJIl7IUZkzZHExbt; X-UAId=3,Host:""localhost:55799"",Referer:""http://localhost:55799/hello/Request3.json"",User-Agent:""Mozilla/5.0 (Windows NT 10.0; WOW64) AppleWebKit/537.36 (KHTML, like Gecko) Chrome/49.0.2623.112 Safari/537.36""}",{},"{AspSessionIDManagerInitializeRequestCalled:True,__route:ServiceStack.Host.RestPath,_requestDurationStopwatch:System.Diagnostics.Stopwatch}",,,,PT0.000004S
14,2016-04-13T21:20:45.6613077Z,GET,http://localhost:55799/hello/Request4.csv,/hello/Request4.csv,,{Name:Request4},3,b4ctpvV7zFHtSMBWOwya,::1,,,"{Connection:keep-alive,Accept:""text/html,application/xhtml+xml,application/xml;q=0.9,image/webp,*/*;q=0.8"",Accept-Encoding:""gzip, deflate, sdch"",Accept-Language:""en-US,en;q=0.8"",Cookie:_ga=GA1.1.1592632894.1443244591; __utma=111872281.1592632894.1443244591.1457727021.1459534479.12; __utmc=111872281; __utmz=111872281.1454897587.1.1.utmcsr=(direct)|utmccn=(direct)|utmcmd=(none); ss-id=b4ctpvV7zFHtSMBWOwya; ss-pid=igyyWJIl7IUZkzZHExbt; X-UAId=3,Host:""localhost:55799"",User-Agent:""Mozilla/5.0 (Windows NT 10.0; WOW64) AppleWebKit/537.36 (KHTML, like Gecko) Chrome/49.0.2623.112 Safari/537.36"",Upgrade-Insecure-Requests:1}",{},"{AspSessionIDManagerInitializeRequestCalled:True,"":mini-profiler:"":""http://localhost:55799/hello/Request4.csv (0.8 ms)"",__route:ServiceStack.Host.RestPath,_requestDurationStopwatch:System.Diagnostics.Stopwatch}",,,,PT0.0000035S
15,2016-04-13T21:20:47.9738763Z,GET,http://localhost:55799/favicon.ico,/favicon.ico,,{PathInfo:favicon.ico},3,b4ctpvV7zFHtSMBWOwya,::1,,http://localhost:55799/hello/Request2.json,"{Connection:keep-alive,Accept:*/*,Accept-Encoding:""gzip, deflate, sdch"",Accept-Language:""en-US,en;q=0.8"",Cookie:_ga=GA1.1.1592632894.1443244591; __utma=111872281.1592632894.1443244591.1457727021.1459534479.12; __utmc=111872281; __utmz=111872281.1454897587.1.1.utmcsr=(direct)|utmccn=(direct)|utmcmd=(none); ss-id=b4ctpvV7zFHtSMBWOwya; ss-pid=igyyWJIl7IUZkzZHExbt; X-UAId=3,Host:""localhost:55799"",Referer:""http://localhost:55799/hello/Request2.json"",User-Agent:""Mozilla/5.0 (Windows NT 10.0; WOW64) AppleWebKit/537.36 (KHTML, like Gecko) Chrome/49.0.2623.112 Safari/537.36""}",{},"{AspSessionIDManagerInitializeRequestCalled:True,__route:ServiceStack.Host.RestPath,_requestDurationStopwatch:System.Diagnostics.Stopwatch}",,,,PT0.0000031S
16,2016-04-13T21:20:48.1359922Z,GET,http://localhost:55799/favicon.ico,/favicon.ico,,{PathInfo:favicon.ico},3,b4ctpvV7zFHtSMBWOwya,::1,,http://localhost:55799/hello/Request2,"{Connection:keep-alive,Accept:*/*,Accept-Encoding:""gzip, deflate, sdch"",Accept-Language:""en-US,en;q=0.8"",Cookie:_ga=GA1.1.1592632894.1443244591; __utma=111872281.1592632894.1443244591.1457727021.1459534479.12; __utmc=111872281; __utmz=111872281.1454897587.1.1.utmcsr=(direct)|utmccn=(direct)|utmcmd=(none); ss-id=b4ctpvV7zFHtSMBWOwya; ss-pid=igyyWJIl7IUZkzZHExbt; X-UAId=3,Host:""localhost:55799"",Referer:""http://localhost:55799/hello/Request2"",User-Agent:""Mozilla/5.0 (Windows NT 10.0; WOW64) AppleWebKit/537.36 (KHTML, like Gecko) Chrome/49.0.2623.112 Safari/537.36""}",{},"{AspSessionIDManagerInitializeRequestCalled:True,__route:ServiceStack.Host.RestPath,_requestDurationStopwatch:System.Diagnostics.Stopwatch}",,,,PT0.000004S
17,2016-04-13T21:20:48.4001774Z,GET,http://localhost:55799/favicon.ico,/favicon.ico,,{PathInfo:favicon.ico},3,b4ctpvV7zFHtSMBWOwya,::1,,http://localhost:55799/hello/Request1,"{Connection:keep-alive,Accept:*/*,Accept-Encoding:""gzip, deflate, sdch"",Accept-Language:""en-US,en;q=0.8"",Cookie:_ga=GA1.1.1592632894.1443244591; __utma=111872281.1592632894.1443244591.1457727021.1459534479.12; __utmc=111872281; __utmz=111872281.1454897587.1.1.utmcsr=(direct)|utmccn=(direct)|utmcmd=(none); ss-id=b4ctpvV7zFHtSMBWOwya; ss-pid=igyyWJIl7IUZkzZHExbt; X-UAId=3,Host:""localhost:55799"",Referer:""http://localhost:55799/hello/Request1"",User-Agent:""Mozilla/5.0 (Windows NT 10.0; WOW64) AppleWebKit/537.36 (KHTML, like Gecko) Chrome/49.0.2623.112 Safari/537.36""}",{},"{AspSessionIDManagerInitializeRequestCalled:True,__route:ServiceStack.Host.RestPath,_requestDurationStopwatch:System.Diagnostics.Stopwatch}",,,,PT0.0000026S
18,2016-04-13T21:20:48.8065162Z,GET,http://localhost:55799/favicon.ico,/favicon.ico,,{PathInfo:favicon.ico},3,b4ctpvV7zFHtSMBWOwya,::1,,http://localhost:55799/json/metadata?op=Hello,"{Connection:keep-alive,Accept:*/*,Accept-Encoding:""gzip, deflate, sdch"",Accept-Language:""en-US,en;q=0.8"",Cookie:_ga=GA1.1.1592632894.1443244591; __utma=111872281.1592632894.1443244591.1457727021.1459534479.12; __utmc=111872281; __utmz=111872281.1454897587.1.1.utmcsr=(direct)|utmccn=(direct)|utmcmd=(none); ss-id=b4ctpvV7zFHtSMBWOwya; ss-pid=igyyWJIl7IUZkzZHExbt; X-UAId=3,Host:""localhost:55799"",Referer:""http://localhost:55799/json/metadata?op=Hello"",User-Agent:""Mozilla/5.0 (Windows NT 10.0; WOW64) AppleWebKit/537.36 (KHTML, like Gecko) Chrome/49.0.2623.112 Safari/537.36""}",{},"{AspSessionIDManagerInitializeRequestCalled:True,__route:ServiceStack.Host.RestPath,_requestDurationStopwatch:System.Diagnostics.Stopwatch}",,,,PT0.000004S
19,2016-04-13T21:21:12.7956323Z,GET,http://localhost:55799/favicon.ico,/favicon.ico,,{PathInfo:favicon.ico},3,b4ctpvV7zFHtSMBWOwya,::1,,http://localhost:55799/metadata,"{Connection:keep-alive,Accept:*/*,Accept-Encoding:""gzip, deflate, sdch"",Accept-Language:""en-US,en;q=0.8"",Cookie:_ga=GA1.1.1592632894.1443244591; __utma=111872281.1592632894.1443244591.1457727021.1459534479.12; __utmc=111872281; __utmz=111872281.1454897587.1.1.utmcsr=(direct)|utmccn=(direct)|utmcmd=(none); ss-id=b4ctpvV7zFHtSMBWOwya; ss-pid=igyyWJIl7IUZkzZHExbt; X-UAId=3,Host:""localhost:55799"",Referer:""http://localhost:55799/metadata"",User-Agent:""Mozilla/5.0 (Windows NT 10.0; WOW64) AppleWebKit/537.36 (KHTML, like Gecko) Chrome/49.0.2623.112 Safari/537.36""}",{},"{AspSessionIDManagerInitializeRequestCalled:True,__route:ServiceStack.Host.RestPath,_requestDurationStopwatch:System.Diagnostics.Stopwatch}",,,,PT0.0000071S
20,2016-04-13T21:21:20.3473218Z,GET,http://localhost:55799/favicon.ico,/favicon.ico,,{PathInfo:favicon.ico},3,b4ctpvV7zFHtSMBWOwya,::1,,http://localhost:55799/json/metadata?op=CustomHttpError,"{Connection:keep-alive,Accept:*/*,Accept-Encoding:""gzip, deflate, sdch"",Accept-Language:""en-US,en;q=0.8"",Cookie:_ga=GA1.1.1592632894.1443244591; __utma=111872281.1592632894.1443244591.1457727021.1459534479.12; __utmc=111872281; __utmz=111872281.1454897587.1.1.utmcsr=(direct)|utmccn=(direct)|utmcmd=(none); ss-id=b4ctpvV7zFHtSMBWOwya; ss-pid=igyyWJIl7IUZkzZHExbt; X-UAId=3,Host:""localhost:55799"",Referer:""http://localhost:55799/json/metadata?op=CustomHttpError"",User-Agent:""Mozilla/5.0 (Windows NT 10.0; WOW64) AppleWebKit/537.36 (KHTML, like Gecko) Chrome/49.0.2623.112 Safari/537.36""}",{},"{AspSessionIDManagerInitializeRequestCalled:True,__route:ServiceStack.Host.RestPath,_requestDurationStopwatch:System.Diagnostics.Stopwatch}",,,,PT0.0000026S
21,2016-04-13T21:21:28.6402944Z,GET,http://localhost:55799/json/reply/CustomHttpError,/json/reply/CustomHttpError,,{StatusCode:0},3,b4ctpvV7zFHtSMBWOwya,::1,,,"{Connection:keep-alive,Accept:""text/html,application/xhtml+xml,application/xml;q=0.9,image/webp,*/*;q=0.8"",Accept-Encoding:""gzip, deflate, sdch"",Accept-Language:""en-US,en;q=0.8"",Cookie:_ga=GA1.1.1592632894.1443244591; __utma=111872281.1592632894.1443244591.1457727021.1459534479.12; __utmc=111872281; __utmz=111872281.1454897587.1.1.utmcsr=(direct)|utmccn=(direct)|utmcmd=(none); ss-id=b4ctpvV7zFHtSMBWOwya; ss-pid=igyyWJIl7IUZkzZHExbt; X-UAId=3,Host:""localhost:55799"",User-Agent:""Mozilla/5.0 (Windows NT 10.0; WOW64) AppleWebKit/537.36 (KHTML, like Gecko) Chrome/49.0.2623.112 Safari/537.36"",Upgrade-Insecure-Requests:1}",{},"{AspSessionIDManagerInitializeRequestCalled:True,"":mini-profiler:"":""http://localhost:55799/json/reply/CustomHttpError (28.9 ms)"",_requestDurationStopwatch:System.Diagnostics.Stopwatch}",,,"{ResponseStatus:{ErrorCode:0,Message:0,StackTrace:""[CustomHttpError: 4/13/2016 9:21:28 PM]:
[REQUEST: {StatusCode:0}]
ServiceStack.HttpError: 0
   at Check.ServiceInterface.CustomHttpErrorService.Any(CustomHttpError request) in C:\src\ServiceStack\tests\Check.ServiceInterface\ErrorServices.cs:line 11
   at lambda_method(Closure , Object , Object )
   at ServiceStack.Host.ServiceRunner`1.Execute(IRequest request, Object instance, TRequest requestDto) in C:\src\ServiceStack\src\ServiceStack\Host\ServiceRunner.cs:line 104"",Errors:[]}}",PT0.0228031S
22,2016-04-13T21:21:28.6933174Z,GET,http://localhost:55799/favicon.ico,/favicon.ico,,{PathInfo:favicon.ico},3,b4ctpvV7zFHtSMBWOwya,::1,,http://localhost:55799/json/reply/CustomHttpError,"{Connection:keep-alive,Accept:*/*,Accept-Encoding:""gzip, deflate, sdch"",Accept-Language:""en-US,en;q=0.8"",Cookie:_ga=GA1.1.1592632894.1443244591; __utma=111872281.1592632894.1443244591.1457727021.1459534479.12; __utmc=111872281; __utmz=111872281.1454897587.1.1.utmcsr=(direct)|utmccn=(direct)|utmcmd=(none); ss-id=b4ctpvV7zFHtSMBWOwya; ss-pid=igyyWJIl7IUZkzZHExbt; X-UAId=3,Host:""localhost:55799"",Referer:""http://localhost:55799/json/reply/CustomHttpError"",User-Agent:""Mozilla/5.0 (Windows NT 10.0; WOW64) AppleWebKit/537.36 (KHTML, like Gecko) Chrome/49.0.2623.112 Safari/537.36""}",{},"{AspSessionIDManagerInitializeRequestCalled:True,__route:ServiceStack.Host.RestPath,_requestDurationStopwatch:System.Diagnostics.Stopwatch}",,,,PT0.0000044S
23,2016-04-13T21:21:34.7127858Z,GET,http://localhost:55799/favicon.ico,/favicon.ico,,{PathInfo:favicon.ico},3,b4ctpvV7zFHtSMBWOwya,::1,,http://localhost:55799/json/metadata?op=CustomHttpError,"{Connection:keep-alive,Accept:*/*,Accept-Encoding:""gzip, deflate, sdch"",Accept-Language:""en-US,en;q=0.8"",Cookie:_ga=GA1.1.1592632894.1443244591; __utma=111872281.1592632894.1443244591.1457727021.1459534479.12; __utmc=111872281; __utmz=111872281.1454897587.1.1.utmcsr=(direct)|utmccn=(direct)|utmcmd=(none); ss-id=b4ctpvV7zFHtSMBWOwya; ss-pid=igyyWJIl7IUZkzZHExbt; X-UAId=3,Host:""localhost:55799"",Referer:""http://localhost:55799/json/metadata?op=CustomHttpError"",User-Agent:""Mozilla/5.0 (Windows NT 10.0; WOW64) AppleWebKit/537.36 (KHTML, like Gecko) Chrome/49.0.2623.112 Safari/537.36""}",{},"{AspSessionIDManagerInitializeRequestCalled:True,__route:ServiceStack.Host.RestPath,_requestDurationStopwatch:System.Diagnostics.Stopwatch}",,,,PT0.0000044S
24,2016-04-13T21:21:42.8043166Z,GET,http://localhost:55799/json/reply/CustomHttpError?StatusCode=401,/json/reply/CustomHttpError,,{StatusCode:401},3,b4ctpvV7zFHtSMBWOwya,::1,,,"{Connection:keep-alive,Accept:""text/html,application/xhtml+xml,application/xml;q=0.9,image/webp,*/*;q=0.8"",Accept-Encoding:""gzip, deflate, sdch"",Accept-Language:""en-US,en;q=0.8"",Cookie:_ga=GA1.1.1592632894.1443244591; __utma=111872281.1592632894.1443244591.1457727021.1459534479.12; __utmc=111872281; __utmz=111872281.1454897587.1.1.utmcsr=(direct)|utmccn=(direct)|utmcmd=(none); ss-id=b4ctpvV7zFHtSMBWOwya; ss-pid=igyyWJIl7IUZkzZHExbt; X-UAId=3,Host:""localhost:55799"",User-Agent:""Mozilla/5.0 (Windows NT 10.0; WOW64) AppleWebKit/537.36 (KHTML, like Gecko) Chrome/49.0.2623.112 Safari/537.36"",Upgrade-Insecure-Requests:1}",{},"{AspSessionIDManagerInitializeRequestCalled:True,"":mini-profiler:"":""http://localhost:55799/json/reply/CustomHttpError?StatusCode=401 (1.5 ms)"",_requestDurationStopwatch:System.Diagnostics.Stopwatch}",,,"{ResponseStatus:{ErrorCode:401,Message:401,StackTrace:""[CustomHttpError: 4/13/2016 9:21:42 PM]:
[REQUEST: {StatusCode:401}]
ServiceStack.HttpError: 401
   at Check.ServiceInterface.CustomHttpErrorService.Any(CustomHttpError request) in C:\src\ServiceStack\tests\Check.ServiceInterface\ErrorServices.cs:line 11
   at lambda_method(Closure , Object , Object )
   at ServiceStack.Host.ServiceRunner`1.Execute(IRequest request, Object instance, TRequest requestDto) in C:\src\ServiceStack\src\ServiceStack\Host\ServiceRunner.cs:line 104"",Errors:[]}}",PT0.0002784S
25,2016-04-13T21:21:42.8493331Z,GET,http://localhost:55799/favicon.ico,/favicon.ico,,{PathInfo:favicon.ico},3,b4ctpvV7zFHtSMBWOwya,::1,,http://localhost:55799/json/reply/CustomHttpError?StatusCode=401,"{Connection:keep-alive,Accept:*/*,Accept-Encoding:""gzip, deflate, sdch"",Accept-Language:""en-US,en;q=0.8"",Cookie:_ga=GA1.1.1592632894.1443244591; __utma=111872281.1592632894.1443244591.1457727021.1459534479.12; __utmc=111872281; __utmz=111872281.1454897587.1.1.utmcsr=(direct)|utmccn=(direct)|utmcmd=(none); ss-id=b4ctpvV7zFHtSMBWOwya; ss-pid=igyyWJIl7IUZkzZHExbt; X-UAId=3,Host:""localhost:55799"",Referer:""http://localhost:55799/json/reply/CustomHttpError?StatusCode=401"",User-Agent:""Mozilla/5.0 (Windows NT 10.0; WOW64) AppleWebKit/537.36 (KHTML, like Gecko) Chrome/49.0.2623.112 Safari/537.36""}",{},"{AspSessionIDManagerInitializeRequestCalled:True,__route:ServiceStack.Host.RestPath,_requestDurationStopwatch:System.Diagnostics.Stopwatch}",,,,PT0.0000026S
